{"cameraMode":{"drawMode":0,"name":"Shaded","section":"Shading Mode"},"sceneLighting":true,"audioPlay":false,"sceneViewState":{"m_AlwaysRefresh":false,"showFog":true,"showSkybox":true,"showFlares":true,"showImageEffects":true,"showParticleSystems":true,"showVisualEffectGraphs":true,"m_FxEnabled":true},"in2DMode":false,"pivot":{"x":-0.1085357666015625,"y":19.536968231201173,"z":286.4217224121094},"rotation":{"x":0.054426178336143497,"y":-0.8724105954170227,"z":0.0998878926038742,"w":0.47535276412963869},"size":388.1358947753906,"orthographic":false}